CodigoMunicipio,NombreMunicipio
0700,Estados Unidos Mexicanos
07000001,Aguascalientes
070000010001,Aguascalientes
070000010002,Asientos
070000010003,Calvillo
070000010004,Cosío
070000010005,Jesús María
070000010006,Pabellón de Arteaga
070000010007,Rincón de Romos
070000010008,San José de Gracia
070000010009,Tepezalá
070000010010,El Llano
070000010011,San Francisco de los Romo
070000010996,No especificado
070000010997,Otros estados
070000010998,Otros municipios
070000010999,Resto de municipios
07000002,Baja California
070000020001,Ensenada
070000020002,Mexicali
070000020003,Tecate
070000020004,Tijuana
070000020005,Playas de Rosarito
070000020006,San Quintín
070000020996,No especificado
070000020997,Otros estados
07000003,Baja California Sur
070000030001,Comondú
070000030002,Mulegé
070000030003,La Paz
070000030008,Los Cabos
070000030009,Loreto
070000030996,No especificado
070000030997,Otros estados
07000004,Campeche
070000040001,Calkiní
070000040002,Campeche
070000040003,Carmen
070000040004,Champotón
070000040005,Hecelchakán
070000040006,Hopelchén
070000040007,Palizada
070000040008,Tenabo
070000040009,Escárcega
070000040010,Calakmul
070000040011,Candelaria
070000040012,Seybaplaya
070000040996,No especificado
070000040997,Otros estados
07000005,Coahuila de Zaragoza
070000050001,Abasolo
070000050002,Acuña
070000050003,Allende
070000050004,Arteaga
070000050005,Candela
070000050006,Castaños
070000050007,Cuatro Ciénegas
070000050008,Escobedo
070000050009,Francisco I. Madero
070000050010,Frontera
070000050011,General Cepeda
070000050012,Guerrero
070000050013,Hidalgo
070000050014,Jiménez
070000050015,Juárez
070000050016,Lamadrid
070000050017,Matamoros
070000050018,Monclova
070000050019,Morelos
070000050020,Múzquiz
070000050021,Nadadores
070000050022,Nava
070000050023,Ocampo
070000050024,Parras
070000050025,Piedras Negras
070000050026,Progreso
070000050027,Ramos Arizpe
070000050028,Sabinas
070000050029,Sacramento
070000050030,Saltillo
070000050031,San Buenaventura
070000050032,San Juan de Sabinas
070000050033,San Pedro
070000050034,Sierra Mojada
070000050035,Torreón
070000050036,Viesca
070000050037,Villa Unión
070000050038,Zaragoza
070000050901,901-Municipios metropolitanos Monclova y Frontera
070000050996,No especificado
070000050997,Otros estados
070000050998,Otros municipios
070000050999,Resto de municipios
07000006,Colima
070000060001,Armería
070000060002,Colima
070000060003,Comala
070000060004,Coquimatlán
070000060005,Cuauhtémoc
070000060006,Ixtlahuacán
070000060007,Manzanillo
070000060008,Minatitlán
070000060009,Tecomán
070000060010,Villa de Álvarez
070000060996,No especificado
070000060997,Otros estados
070000060998,Otros municipios
070000060999,Resto de municipios
07000007,Chiapas
070000070001,Acacoyagua
070000070002,Acala
070000070003,Acapetahua
070000070004,Altamirano
070000070005,Amatán
070000070006,Amatenango de la Frontera
070000070007,Amatenango del Valle
070000070008,Angel Albino Corzo
070000070009,Arriaga
070000070010,Bejucal de Ocampo
070000070011,Bella Vista
070000070012,Berriozábal
070000070013,Bochil
070000070014,El Bosque
070000070015,Cacahoatán
070000070016,Catazajá
070000070017,Cintalapa
070000070018,Coapilla
070000070019,Comitán de Domínguez
070000070020,La Concordia
070000070021,Copainalá
070000070022,Chalchihuitán
070000070023,Chamula
070000070024,Chanal
070000070025,Chapultenango
070000070026,Chenalhó
070000070027,Chiapa de Corzo
070000070028,Chiapilla
070000070029,Chicoasén
070000070030,Chicomuselo
070000070031,Chilón
070000070032,Escuintla
070000070033,Francisco León
070000070034,Frontera Comalapa
070000070035,Frontera Hidalgo
070000070036,La Grandeza
070000070037,Huehuetán
070000070038,Huixtán
070000070039,Huitiupán
070000070040,Huixtla
070000070041,La Independencia
070000070042,Ixhuatán
070000070043,Ixtacomitán
070000070044,Ixtapa
070000070045,Ixtapangajoya
070000070046,Jiquipilas
070000070047,Jitotol
070000070048,Juárez
070000070049,Larráinzar
070000070050,La Libertad
070000070051,Mapastepec
070000070052,Las Margaritas
070000070053,Mazapa de Madero
070000070054,Mazatán
070000070055,Metapa
070000070056,Mitontic
070000070057,Motozintla
070000070058,Nicolás Ruíz
070000070059,Ocosingo
070000070060,Ocotepec
070000070061,Ocozocoautla de Espinosa
070000070062,Ostuacán
070000070063,Osumacinta
070000070064,Oxchuc
070000070065,Palenque
070000070066,Pantelhó
070000070067,Pantepec
070000070068,Pichucalco
070000070069,Pijijiapan
070000070070,El Porvenir
070000070071,Villa Comaltitlán
070000070072,Pueblo Nuevo Solistahuacán
070000070073,Rayón
070000070074,Reforma
070000070075,Las Rosas
070000070076,Sabanilla
070000070077,Salto de Agua
070000070078,San Cristóbal de las Casas
070000070079,San Fernando
070000070080,Siltepec
070000070081,Simojovel
070000070082,Sitalá
070000070083,Socoltenango
070000070084,Solosuchiapa
070000070085,Soyaló
070000070086,Suchiapa
070000070087,Suchiate
070000070088,Sunuapa
070000070089,Tapachula
070000070090,Tapalapa
070000070091,Tapilula
070000070092,Tecpatán
070000070093,Tenejapa
070000070094,Teopisca
070000070096,Tila
070000070097,Tonalá
070000070098,Totolapa
070000070099,La Trinitaria
070000070100,Tumbalá
070000070101,Tuxtla Gutiérrez
070000070102,Tuxtla Chico
070000070103,Tuzantán
070000070104,Tzimol
070000070105,Unión Juárez
070000070106,Venustiano Carranza
070000070107,Villa Corzo
070000070108,Villaflores
070000070109,Yajalón
070000070110,San Lucas
070000070111,Zinacantán
070000070112,San Juan Cancuc
070000070113,Aldama
070000070114,Benemérito de las Américas
070000070115,Maravilla Tenejapa
070000070116,Marqués de Comillas
070000070117,Montecristo de Guerrero
070000070118,San Andrés Duraznal
070000070119,Santiago el Pinar
070000070120,Capitán Luis Ángel Vidal
070000070121,Rincón Chamula San Pedro
070000070122,El Parral
070000070123,Emiliano Zapata
070000070124,Mezcalapa
070000070125,Honduras de la Sierra
070000070996,No especificado
070000070997,Otros estados
070000070998,Otros municipios
070000070999,Resto de municipios
07000008,Chihuahua
070000080001,Ahumada
070000080002,Aldama
070000080003,Allende
070000080004,Aquiles Serdán
070000080005,Ascensión
070000080006,Bachíniva
070000080007,Balleza
070000080008,Batopilas de Manuel Gómez Morín
070000080009,Bocoyna
070000080010,Buenaventura
070000080011,Camargo
070000080012,Carichí
070000080013,Casas Grandes
070000080014,Coronado
070000080015,Coyame del Sotol
070000080016,La Cruz
070000080017,Cuauhtémoc
070000080018,Cusihuiriachi
070000080019,Chihuahua
070000080020,Chínipas
070000080021,Delicias
070000080022,Dr. Belisario Domínguez
070000080023,Galeana
070000080024,Santa Isabel
070000080025,Gómez Farías
070000080026,Gran Morelos
070000080027,Guachochi
070000080028,Guadalupe
070000080029,Guadalupe y Calvo
070000080030,Guazapares
070000080031,Guerrero
070000080032,Hidalgo del Parral
070000080033,Huejotitán
070000080034,Ignacio Zaragoza
070000080035,Janos
070000080036,Jiménez
070000080037,Juárez
070000080038,Julimes
070000080039,López
070000080040,Madera
070000080041,Maguarichi
070000080042,Manuel Benavides
070000080043,Matachí
070000080044,Matamoros
070000080045,Meoqui
070000080046,Morelos
070000080047,Moris
070000080048,Namiquipa
070000080049,Nonoava
070000080050,Nuevo Casas Grandes
070000080051,Ocampo
070000080052,Ojinaga
070000080053,Praxedis G. Guerrero
070000080054,Riva Palacio
070000080055,Rosales
070000080056,Rosario
070000080057,San Francisco de Borja
070000080058,San Francisco de Conchos
070000080059,San Francisco del Oro
070000080060,Santa Bárbara
070000080061,Satevó
070000080062,Saucillo
070000080063,Temósachic
070000080064,El Tule
070000080065,Urique
070000080066,Uruachi
070000080067,Valle de Zaragoza
070000080996,No especificado
070000080997,Otros estados
070000080998,Otros municipios
070000080999,Resto de municipios
07000009,Ciudad de México
070000090002,Azcapotzalco
070000090003,Coyoacán
070000090004,Cuajimalpa de Morelos
070000090005,Gustavo A. Madero
070000090006,Iztacalco
070000090007,Iztapalapa
070000090008,La Magdalena Contreras
070000090009,Milpa Alta
070000090010,Álvaro Obregón
070000090011,Tláhuac
070000090012,Tlalpan
070000090013,Xochimilco
070000090014,Benito Juárez
070000090015,Cuauhtémoc
070000090016,Miguel Hidalgo
070000090017,Venustiano Carranza
070000090996,No especificado
070000090997,Otros estados
07000010,Durango
070000100001,Canatlán
070000100002,Canelas
070000100003,Coneto de Comonfort
070000100004,Cuencamé
070000100005,Durango
070000100006,General Simón Bolívar
070000100007,Gómez Palacio
070000100008,Guadalupe Victoria
070000100009,Guanaceví
070000100010,Hidalgo
070000100011,Indé
070000100012,Lerdo
070000100013,Mapimí
070000100014,Mezquital
070000100015,Nazas
070000100016,Nombre de Dios
070000100017,Ocampo
070000100018,El Oro
070000100019,Otáez
070000100020,Pánuco de Coronado
070000100021,Peñón Blanco
070000100022,Poanas
070000100023,Pueblo Nuevo
070000100024,Rodeo
070000100025,San Bernardo
070000100026,San Dimas
070000100027,San Juan de Guadalupe
070000100028,San Juan del Río
070000100029,San Luis del Cordero
070000100030,San Pedro del Gallo
070000100031,Santa Clara
070000100032,Santiago Papasquiaro
070000100033,Súchil
070000100034,Tamazula
070000100035,Tepehuanes
070000100036,Tlahualilo
070000100037,Topia
070000100038,Vicente Guerrero
070000100039,Nuevo Ideal
070000100996,No especificado
070000100997,Otros estados
07000011,Guanajuato
070000110001,Abasolo
070000110002,Acámbaro
070000110003,San Miguel de Allende
070000110004,Apaseo el Alto
070000110005,Apaseo el Grande
070000110006,Atarjea
070000110007,Celaya
070000110008,Manuel Doblado
070000110009,Comonfort
070000110010,Coroneo
070000110011,Cortazar
070000110012,Cuerámaro
070000110013,Doctor Mora
070000110014,Dolores Hidalgo Cuna de la Independencia Nacional
070000110015,Guanajuato
070000110016,Huanímaro
070000110017,Irapuato
070000110018,Jaral del Progreso
070000110019,Jerécuaro
070000110020,León
070000110021,Moroleón
070000110022,Ocampo
070000110023,Pénjamo
070000110024,Pueblo Nuevo
070000110025,Purísima del Rincón
070000110026,Romita
070000110027,Salamanca
070000110028,Salvatierra
070000110029,San Diego de la Unión
070000110030,San Felipe
070000110031,San Francisco del Rincón
070000110032,San José Iturbide
070000110033,San Luis de la Paz
070000110034,Santa Catarina
070000110035,Santa Cruz de Juventino Rosas
070000110036,Santiago Maravatío
070000110037,Silao de la Victoria
070000110038,Tarandacuao
070000110039,Tarimoro
070000110040,Tierra Blanca
070000110041,Uriangato
070000110042,Valle de Santiago
070000110043,Victoria
070000110044,Villagrán
070000110045,Xichú
070000110046,Yuriria
070000110996,No especificado
070000110997,Otros estados
070000110998,Otros municipios
070000110999,Resto de municipios
07000012,Guerrero
070000120001,Acapulco de Juárez
070000120002,Ahuacuotzingo
070000120003,Ajuchitlán del Progreso
070000120004,Alcozauca de Guerrero
070000120005,Alpoyeca
070000120006,Apaxtla
070000120007,Arcelia
070000120008,Atenango del Río
070000120009,Atlamajalcingo del Monte
070000120010,Atlixtac
070000120011,Atoyac de Álvarez
070000120012,Ayutla de los Libres
070000120013,Azoyú
070000120014,Benito Juárez
070000120015,Buenavista de Cuéllar
070000120016,Coahuayutla de José María Izazaga
070000120017,Cocula
070000120018,Copala
070000120019,Copalillo
070000120020,Copanatoyac
070000120021,Coyuca de Benítez
070000120022,Coyuca de Catalán
070000120023,Cuajinicuilapa
070000120024,Cualác
070000120025,Cuautepec
070000120026,Cuetzala del Progreso
070000120027,Cutzamala de Pinzón
070000120028,Chilapa de Álvarez
070000120029,Chilpancingo de los Bravo
070000120030,Florencio Villarreal
070000120031,General Canuto A. Neri
070000120032,General Heliodoro Castillo
070000120033,Huamuxtitlán
070000120034,Huitzuco de los Figueroa
070000120035,Iguala de la Independencia
070000120036,Igualapa
070000120037,Ixcateopan de Cuauhtémoc
070000120038,Zihuatanejo de Azueta
070000120039,Juan R. Escudero
070000120040,Leonardo Bravo
070000120041,Malinaltepec
070000120042,Mártir de Cuilapan
070000120043,Metlatónoc
070000120044,Mochitlán
070000120045,Olinalá
070000120046,Ometepec
070000120047,Pedro Ascencio Alquisiras
070000120048,Petatlán
070000120049,Pilcaya
070000120050,Pungarabato
070000120051,Quechultenango
070000120052,San Luis Acatlán
070000120053,San Marcos
070000120054,San Miguel Totolapan
070000120055,Taxco de Alarcón
070000120056,Tecoanapa
070000120057,Técpan de Galeana
070000120058,Teloloapan
070000120059,Tepecoacuilco de Trujano
070000120060,Tetipac
070000120061,Tixtla de Guerrero
070000120062,Tlacoachistlahuaca
070000120063,Tlacoapa
070000120064,Tlalchapa
070000120065,Tlalixtaquilla de Maldonado
070000120066,Tlapa de Comonfort
070000120067,Tlapehuala
070000120068,La Unión de Isidoro Montes de Oca
070000120069,Xalpatláhuac
070000120070,Xochihuehuetlán
070000120071,Xochistlahuaca
070000120072,Zapotitlán Tablas
070000120073,Zirándaro
070000120074,Zitlala
070000120075,Eduardo Neri
070000120076,Acatepec
070000120077,Marquelia
070000120078,Cochoapa el grande
070000120079,José Joaquín de Herrera
070000120080,Juchitán
070000120081,Iliatenco
070000120996,No especificado
070000120997,Otros estados
070000120998,Otros municipios
070000120999,Resto de municipios
07000013,Hidalgo
070000130001,Acatlán
070000130002,Acaxochitlán
070000130003,Actopan
070000130004,Agua Blanca de Iturbide
070000130005,Ajacuba
070000130006,Alfajayucan
070000130007,Almoloya
070000130008,Apan
070000130009,El Arenal
070000130010,Atitalaquia
070000130011,Atlapexco
070000130012,Atotonilco el Grande
070000130013,Atotonilco de Tula
070000130014,Calnali
070000130015,Cardonal
070000130016,Cuautepec de Hinojosa
070000130017,Chapantongo
070000130018,Chapulhuacán
070000130019,Chilcuautla
070000130020,Eloxochitlán
070000130021,Emiliano Zapata
070000130022,Epazoyucan
070000130023,Francisco I. Madero
070000130024,Huasca de Ocampo
070000130025,Huautla
070000130026,Huazalingo
070000130027,Huehuetla
070000130028,Huejutla de Reyes
070000130029,Huichapan
070000130030,Ixmiquilpan
070000130031,Jacala de Ledezma
070000130032,Jaltocán
070000130033,Juárez Hidalgo
070000130034,Lolotla
070000130035,Metepec
070000130036,San Agustín Metzquititlán
070000130037,Metztitlán
070000130038,Mineral del Chico
070000130039,Mineral del Monte
070000130040,La Misión
070000130041,Mixquiahuala de Juárez
070000130042,Molango de Escamilla
070000130043,Nicolás Flores
070000130044,Nopala de Villagrán
070000130045,Omitlán de Juárez
070000130046,San Felipe Orizatlán
070000130047,Pacula
070000130048,Pachuca de Soto
070000130049,Pisaflores
070000130050,Progreso de Obregón
070000130051,Mineral de la Reforma
070000130052,San Agustín Tlaxiaca
070000130053,San Bartolo Tutotepec
070000130054,San Salvador
070000130055,Santiago de Anaya
070000130056,Santiago Tulantepec de Lugo Guerrero
070000130057,Singuilucan
070000130058,Tasquillo
070000130059,Tecozautla
070000130060,Tenango de Doria
070000130061,Tepeapulco
070000130062,Tepehuacán de Guerrero
070000130063,Tepeji del Río de Ocampo
070000130064,Tepetitlán
070000130065,Tetepango
070000130066,Villa de Tezontepec
070000130067,Tezontepec de Aldama
070000130068,Tianguistengo
070000130069,Tizayuca
070000130070,Tlahuelilpan
070000130071,Tlahuiltepa
070000130072,Tlanalapa
070000130073,Tlanchinol
070000130074,Tlaxcoapan
070000130075,Tolcayuca
070000130076,Tula de Allende
070000130077,Tulancingo de Bravo
070000130078,Xochiatipan
070000130079,Xochicoatlán
070000130080,Yahualica
070000130081,Zacualtipán de Ángeles
070000130082,Zapotlán de Juárez
070000130083,Zempoala
070000130084,Zimapán
070000130901,"901-Municipios metropolitanos Pachuca de Soto, Mineral de la Reforma, Mineral del Chico, El Arenal, San Agustín Tlaxiaca, Real del Monte, Epazoyucan, Zempoala, Singuilucan, Tepeapulco, Zapotlán de Juárez y Acayuca"
070000130996,No especificado
070000130997,Otros estados
07000014,Jalisco
070000140001,Acatic
070000140002,Acatlán de Juárez
070000140003,Ahualulco de Mercado
070000140004,Amacueca
070000140005,Amatitán
070000140006,Ameca
070000140007,San Juanito de Escobedo
070000140008,Arandas
070000140009,EL Arenal
070000140010,Atemajac de Brizuela
070000140011,Atengo
070000140012,Atenguillo
070000140013,Atotonilco el Alto
070000140014,Atoyac
070000140015,Autlán de Navarro
070000140016,Ayotlán
070000140017,Ayutla
070000140018,La Barca
070000140019,Bolaños
070000140020,Cabo Corrientes
070000140021,Casimiro Castillo
070000140022,Cihuatlán
070000140023,Zapotlán el Grande
070000140024,Cocula
070000140025,Colotlán
070000140026,Concepción de Buenos Aires
070000140027,Cuautitlán de García Barragán
070000140028,Cuautla
070000140029,Cuquío
070000140030,Chapala
070000140031,Chimaltitán
070000140032,Chiquilistlán
070000140033,Degollado
070000140034,Ejutla
070000140035,Encarnación de Díaz
070000140036,Etzatlán
070000140037,El Grullo
070000140038,Guachinango
070000140039,Guadalajara
070000140040,Hostotipaquillo
070000140041,Huejúcar
070000140042,Huejuquilla el Alto
070000140043,La Huerta
070000140044,Ixtlahuacán de los Membrillos
070000140045,Ixtlahuacán del Río
070000140046,Jalostotitlán
070000140047,Jamay
070000140048,Jesús María
070000140049,Jilotlán de los Dolores
070000140050,Jocotepec
070000140051,Juanacatlán
070000140052,Juchitlán
070000140053,Lagos de Moreno
070000140054,El Limón
070000140055,Magdalena
070000140056,Santa María del Oro
070000140057,La Manzanilla de la Paz
070000140058,Mascota
070000140059,Mazamitla
070000140060,Mexticacán
070000140061,Mezquitic
070000140062,Mixtlán
070000140063,Ocotlán
070000140064,Ojuelos de Jalisco
070000140065,Pihuamo
070000140066,Poncitlán
070000140067,Puerto Vallarta
070000140068,Villa Purificación
070000140069,Quitupan
070000140070,El Salto
070000140071,San Cristóbal de la Barranca
070000140072,San Diego de Alejandría
070000140073,San Juan de los Lagos
070000140074,San Julián
070000140075,San Marcos
070000140076,San Martín de Bolaños
070000140077,San Martín Hidalgo
070000140078,San Miguel el Alto
070000140079,Gómez Farías
070000140080,San Sebastián del Oeste
070000140081,Santa María de los Ángeles
070000140082,Sayula
070000140083,Tala
070000140084,Talpa de Allende
070000140085,Tamazula de Gordiano
070000140086,Tapalpa
070000140087,Tecalitlán
070000140088,Tecolotlán
070000140089,Techaluta de Montenegro
070000140090,Tenamaxtlán
070000140091,Teocaltiche
070000140092,Teocuitatlán de Corona
070000140093,Tepatitlán de Morelos
070000140094,Tequila
070000140095,Teuchitlán
070000140096,Tizapán el Alto
070000140097,Tlajomulco de Zúñiga
070000140098,San Pedro Tlaquepaque
070000140099,Tolimán
070000140100,Tomatlán
070000140101,Tonalá
070000140102,Tonaya
070000140103,Tonila
070000140104,Totatiche
070000140105,Tototlán
070000140106,Tuxcacuesco
070000140107,Tuxcueca
070000140108,Tuxpan
070000140109,Unión de San Antonio
070000140110,Unión de Tula
070000140111,Valle de Guadalupe
070000140112,Valle de Juárez
070000140113,San Gabriel
070000140114,Villa Corona
070000140115,Villa Guerrero
070000140116,Villa Hidalgo
070000140117,Cañadas de Obregón
070000140118,Yahualica de González Gallo
070000140119,Zacoalco de Torres
070000140120,Zapopan
070000140121,Zapotiltic
070000140122,Zapotitlán de Vadillo
070000140123,Zapotlán del Rey
070000140124,Zapotlanejo
070000140125,San Ignacio Cerro Gordo
070000140901,"901-Municipios metropolitanos Guadalajara, Tonalá, Tlaquepaque y Zapopan"
070000140996,No especificado
070000140997,Otros estados
070000140998,Otros municipios
070000140999,Resto de municipios
07000015,México
070000150001,Acambay de Ruíz Castañeda
070000150002,Acolman
070000150003,Aculco
070000150004,Almoloya de Alquisiras
070000150005,Almoloya de Juárez
070000150006,Almoloya del Río
070000150007,Amanalco
070000150008,Amatepec
070000150009,Amecameca
070000150010,Apaxco
070000150011,Atenco
070000150012,Atizapán
070000150013,Atizapán de Zaragoza
070000150014,Atlacomulco
070000150015,Atlautla
070000150016,Axapusco
070000150017,Ayapango
070000150018,Calimaya
070000150019,Capulhuac
070000150020,Coacalco de Berriozábal
070000150021,Coatepec Harinas
070000150022,Cocotitlán
070000150023,Coyotepec
070000150024,Cuautitlán
070000150025,Chalco
070000150026,Chapa de Mota
070000150027,Chapultepec
070000150028,Chiautla
070000150029,Chicoloapan
070000150030,Chiconcuac
070000150031,Chimalhuacán
070000150032,Donato Guerra
070000150033,Ecatepec de Morelos
070000150034,Ecatzingo
070000150035,Huehuetoca
070000150036,Hueypoxtla
070000150037,Huixquilucan
070000150038,Isidro Fabela
070000150039,Ixtapaluca
070000150040,Ixtapan de la Sal
070000150041,Ixtapan del Oro
070000150042,Ixtlahuaca
070000150043,Xalatlaco
070000150044,Jaltenco
070000150045,Jilotepec
070000150046,Jilotzingo
070000150047,Jiquipilco
070000150048,Jocotitlán
070000150049,Joquicingo
070000150050,Juchitepec
070000150051,Lerma
070000150052,Malinalco
070000150053,Melchor Ocampo
070000150054,Metepec
070000150055,Mexicaltzingo
070000150056,Morelos
070000150057,Naucalpan de Juárez
070000150058,Nezahualcóyotl
070000150059,Nextlalpan
070000150060,Nicolás Romero
070000150061,Nopaltepec
070000150062,Ocoyoacac
070000150063,Ocuilan
070000150064,El Oro
070000150065,Otumba
070000150066,Otzoloapan
070000150067,Otzolotepec
070000150068,Ozumba
070000150069,Papalotla
070000150070,La Paz
070000150071,Polotitlán
070000150072,Rayón
070000150073,San Antonio la Isla
070000150074,San Felipe del Progreso
070000150075,San Martín de las Pirámides
070000150076,San Mateo Atenco
070000150077,San Simón de Guerrero
070000150078,Santo Tomás
070000150079,Soyaniquilpan de Juárez
070000150080,Sultepec
070000150081,Tecámac
070000150082,Tejupilco
070000150083,Temamatla
070000150084,Temascalapa
070000150085,Temascalcingo
070000150086,Temascaltepec
070000150087,Temoaya
070000150088,Tenancingo
070000150089,Tenango del Aire
070000150090,Tenango del Valle
070000150091,Teoloyucan
070000150092,Teotihuacán
070000150093,Tepetlaoxtoc
070000150094,Tepetlixpa
070000150095,Tepotzotlán
070000150096,Tequixquiac
070000150097,Texcaltitlán
070000150098,Texcalyacac
070000150099,Texcoco
070000150100,Tezoyuca
070000150101,Tianguistenco
070000150102,Timilpan
070000150103,Tlalmanalco
070000150104,Tlalnepantla de Baz
070000150105,Tlatlaya
070000150106,Toluca
070000150107,Tonatico
070000150108,Tultepec
070000150109,Tultitlán
070000150110,Valle de Bravo
070000150111,Villa de Allende
070000150112,Villa del Carbón
070000150113,Villa Guerrero
070000150114,Villa Victoria
070000150115,Xonacatlán
070000150116,Zacazonapan
070000150117,Zacualpan
070000150118,Zinacantepec
070000150119,Zumpahuacán
070000150120,Zumpango
070000150121,Cuautitlán Izcalli
070000150122,Valle de Chalco Solidaridad
070000150123,Luvianos
070000150124,San José del Rincón
070000150125,Tonanitla
070000150996,No especificado
070000150997,Otros estados
070000150998,Otros municipios
070000150999,Resto de municipios
07000016,Michoacán de Ocampo
070000160001,Acuitzio
070000160002,Aguililla
070000160003,Álvaro Obregón
070000160004,Angamacutiro
070000160005,Angangueo
070000160006,Apatzingán
070000160007,Aporo
070000160008,Aquila
070000160009,Ario
070000160010,Arteaga
070000160011,Briseñas
070000160012,Buenavista
070000160013,Carácuaro
070000160014,Coahuayana
070000160015,Coalcomán de Vázquez Pallares
070000160016,Coeneo
070000160017,Contepec
070000160018,Copándaro
070000160019,Cotija
070000160020,Cuitzeo
070000160021,Charapan
070000160022,Charo
070000160023,Chavinda
070000160024,Cherán
070000160025,Chilchota
070000160026,Chinicuila
070000160027,Chucándiro
070000160028,Churintzio
070000160029,Churumuco
070000160030,Ecuandureo
070000160031,Epitacio Huerta
070000160032,Erongarícuaro
070000160033,Gabriel Zamora
070000160034,Hidalgo
070000160035,La Huacana
070000160036,Huandacareo
070000160037,Huaniqueo
070000160038,Huetamo
070000160039,Huiramba
070000160040,Indaparapeo
070000160041,Irimbo
070000160042,Ixtlán
070000160043,Jacona
070000160044,Jiménez
070000160045,Jiquilpan
070000160046,Juárez
070000160047,Jungapeo
070000160048,Lagunillas
070000160049,Madero
070000160050,Maravatío
070000160051,Marcos Castellanos
070000160052,Lázaro Cárdenas
070000160053,Morelia
070000160054,Morelos
070000160055,Múgica
070000160056,Nahuatzen
070000160057,Nocupétaro
070000160058,Nuevo Parangaricutiro
070000160059,Nuevo Urecho
070000160060,Numarán
070000160061,Ocampo
070000160062,Pajacuarán
070000160063,Panindícuaro
070000160064,Parácuaro
070000160065,Paracho
070000160066,Pátzcuaro
070000160067,Penjamillo
070000160068,Peribán
070000160069,La Piedad
070000160070,Purépero
070000160071,Puruándiro
070000160072,Queréndaro
070000160073,Quiroga
070000160074,Cojumatlán de Régules
070000160075,Los Reyes
070000160076,Sahuayo
070000160077,San Lucas
070000160078,Santa Ana Maya
070000160079,Salvador Escalante
070000160080,Senguio
070000160081,Susupuato
070000160082,Tacámbaro
070000160083,Tancítaro
070000160084,Tangamandapio
070000160085,Tangancícuaro
070000160086,Tanhuato
070000160087,Taretan
070000160088,Tarímbaro
070000160089,Tepalcatepec
070000160090,Tingambato
070000160091,Tingüindín
070000160092,Tiquicheo de Nicolás Romero
070000160093,Tlalpujahua
070000160094,Tlazazalca
070000160095,Tocumbo
070000160096,Tumbiscatío
070000160097,Turicato
070000160098,Tuxpan
070000160099,Tuzantla
070000160100,Tzintzuntzan
070000160101,Tzitzio
070000160102,Uruapan
070000160103,Venustiano Carranza
070000160104,Villamar
070000160105,Vista Hermosa
070000160106,Yurécuaro
070000160107,Zacapu
070000160108,Zamora
070000160109,Zináparo
070000160110,Zinapécuaro
070000160111,Ziracuaretiro
070000160112,Zitácuaro
070000160113,José Sixto Verduzco
070000160996,No especificado
070000160997,Otros estados
070000160998,Otros municipios
070000160999,Resto de municipios
07000017,Morelos
070000170001,Amacuzac
070000170002,Atlatlahucan
070000170003,Axochiapan
070000170004,Ayala
070000170005,Coatlán del Río
070000170006,Cuautla
070000170007,Cuernavaca
070000170008,Emiliano Zapata
070000170009,Huitzilac
070000170010,Jantetelco
070000170011,Jiutepec
070000170012,Jojutla
070000170013,Jonacatepec de Leandro Valle
070000170014,Mazatepec
070000170015,Miacatlán
070000170016,Ocuituco
070000170017,Puente de Ixtla
070000170018,Temixco
070000170019,Tepalcingo
070000170020,Tepoztlán
070000170021,Tetecala
070000170022,Tetela del Volcán
070000170023,Tlalnepantla
070000170024,Tlaltizapán de Zapata
070000170025,Tlaquiltenango
070000170026,Tlayacapan
070000170027,Totolapan
070000170028,Xochitepec
070000170029,Yautepec
070000170030,Yecapixtla
070000170031,Zacatepec
070000170032,Zacualpan de Amilpas
070000170033,Temoac
070000170034,Coatetelco
070000170035,Xoxocotla
070000170036,Hueyapan
070000170996,No especificado
070000170997,Otros estados
070000170998,Otros municipios
070000170999,Resto de municipios
07000018,Nayarit
070000180001,Acaponeta
070000180002,Ahuacatlán
070000180003,Amatlán de Cañas
070000180004,Compostela
070000180005,Huajicori
070000180006,Ixtlán del Río
070000180007,Jala
070000180008,Xalisco
070000180009,Del Nayar
070000180010,Rosamorada
070000180011,Ruíz
070000180012,San Blas
070000180013,San Pedro Lagunillas
070000180014,Santa María del Oro
070000180015,Santiago Ixcuintla
070000180016,Tecuala
070000180017,Tepic
070000180018,Tuxpan
070000180019,La Yesca
070000180020,Bahía de Banderas
070000180996,No especificado
070000180997,Otros estados
07000019,Nuevo León
070000190001,Abasolo
070000190002,Agualeguas
070000190003,Los Aldamas
070000190004,Allende
070000190005,Anáhuac
070000190006,Apodaca
070000190007,Aramberri
070000190008,Bustamante
070000190009,Cadereyta Jiménez
070000190010,El Carmen
070000190011,Cerralvo
070000190012,Ciénega de Flores
070000190013,China
070000190014,Doctor Arroyo
070000190015,Doctor Coss
070000190016,Doctor González
070000190017,Galeana
070000190018,García
070000190019,San Pedro Garza García
070000190020,General Bravo
070000190021,General Escobedo
070000190022,General Terán
070000190023,General Treviño
070000190024,General Zaragoza
070000190025,General Zuazua
070000190026,Guadalupe
070000190027,Los Herreras
070000190028,Higueras
070000190029,Hualahuises
070000190030,Iturbide
070000190031,Juárez
070000190032,Lampazos de Naranjo
070000190033,Linares
070000190034,Marín
070000190035,Melchor Ocampo
070000190036,Mier y Noriega
070000190037,Mina
070000190038,Montemorelos
070000190039,Monterrey
070000190040,Parás
070000190041,Pesquería
070000190042,Los Ramones
070000190043,Rayones
070000190044,Sabinas Hidalgo
070000190045,Salinas Victoria
070000190046,San Nicolás de los Garza
070000190047,Hidalgo
070000190048,Santa Catarina
070000190049,Santiago
070000190050,Vallecillo
070000190051,Villaldama
070000190902,"902	Municipios de Monterrey, Apodaca, San Pedro Garza García, General Escobedo, Guadalupe, Juárez, San Nicolás de los Garza, Santa Catarina y García"
070000190996,No especificado
070000190997,Otros estados
07000020,Oaxaca
070000200001,Abejones
070000200002,Acatlán de Pérez Figueroa
070000200003,Asunción Cacalotepec
070000200004,Asunción Cuyotepeji
070000200005,Asunción Ixtaltepec
070000200006,Asunción Nochixtlán
070000200007,Asunción Ocotlán
070000200008,Asunción Tlacolulita
070000200009,Ayotzintepec
070000200010,El Barrio de la Soledad
070000200011,Calihualá
070000200012,Candelaria Loxicha
070000200013,Ciénega de Zimatlán
070000200014,Ciudad Ixtepec
070000200015,Coatecas Altas
070000200016,Coicoyán de las Flores
070000200017,La Compañía
070000200018,Concepción Buenavista
070000200019,Concepción Pápalo
070000200020,Constancia del Rosario
070000200021,Cosolapa
070000200022,Cosoltepec
070000200023,Cuilápam de Guerrero
070000200024,Cuyamecalco Villa de Zaragoza
070000200025,Chahuites
070000200026,Chalcatongo de Hidalgo
070000200027,Chiquihuitlán de Benito Juárez
070000200028,Heroica Ciudad de Ejutla de Crespo
070000200029,Eloxochitlán de Flores Magón
070000200030,El Espinal
070000200031,Tamazulápam del Espíritu Santo
070000200032,Fresnillo de Trujano
070000200033,Guadalupe Etla
070000200034,Guadalupe de Ramírez
070000200035,Guelatao de Juárez
070000200036,Guevea de Humboldt
070000200037,Mesones Hidalgo
070000200038,Villa Hidalgo
070000200039,Heroica Ciudad de Huajuapan de León
070000200040,Huautepec
070000200041,Huautla de Jiménez
070000200042,Ixtlán de Juárez
070000200043,Juchitán de Zaragoza
070000200044,Loma Bonita
070000200045,Magdalena Apasco
070000200046,Magdalena Jaltepec
070000200047,Santa Magdalena Jicotlán
070000200048,Magdalena Mixtepec
070000200049,Magdalena Ocotlán
070000200050,Magdalena Peñasco
070000200051,Magdalena Teitipac
070000200052,Magdalena Tequisistlán
070000200053,Magdalena Tlacotepec
070000200054,Magdalena Zahuatlán
070000200055,Mariscala de Juárez
070000200056,Mártires de Tacubaya
070000200057,Matías Romero Avendaño
070000200058,Mazatlán Villa de Flores
070000200059,Miahuatlán de Porfirio Díaz
070000200060,Mixistlán de la Reforma
070000200061,Monjas
070000200062,Natividad
070000200063,Nazareno Etla
070000200064,Nejapa de Madero
070000200065,Ixpantepec Nieves
070000200066,Santiago Niltepec
070000200067,Oaxaca de Juárez
070000200068,Ocotlán de Morelos
070000200069,La Pe
070000200070,Pinotepa de Don Luis
070000200071,Pluma Hidalgo
070000200072,San José del Progreso
070000200073,Putla Villa de Guerrero
070000200074,Santa Catarina Quioquitani
070000200075,Reforma de Pineda
070000200076,La Reforma
070000200077,Reyes Etla
070000200078,Rojas de Cuauhtémoc
070000200079,Salina Cruz
070000200080,San Agustín Amatengo
070000200081,San Agustín Atenango
070000200082,San Agustín Chayuco
070000200083,San Agustín de las Juntas
070000200084,San Agustín Etla
070000200085,San Agustín Loxicha
070000200086,San Agustín Tlacotepec
070000200087,San Agustín Yatareni
070000200088,San Andrés Cabecera Nueva
070000200089,San Andrés Dinicuiti
070000200090,San Andrés Huaxpaltepec
070000200091,San Andrés Huayápam
070000200092,San Andrés Ixtlahuaca
070000200093,San Andrés Lagunas
070000200094,San Andrés Nuxiño
070000200095,San Andrés Paxtlán
070000200096,San Andrés Sinaxtla
070000200097,San Andrés Solaga
070000200098,San Andrés Teotilálpam
070000200099,San Andrés Tepetlapa
070000200100,San Andrés Yaá
070000200101,San Andrés Zabache
070000200102,San Andrés Zautla
070000200103,San Antonino Castillo Velasco
070000200104,San Antonino el Alto
070000200105,San Antonino Monte Verde
070000200106,San Antonio Acutla
070000200107,San Antonio de la Cal
070000200108,San Antonio Huitepec
070000200109,San Antonio Nanahuatípam
070000200110,San Antonio Sinicahua
070000200111,San Antonio Tepetlapa
070000200112,San Baltazar Chichicápam
070000200113,San Baltazar Loxicha
070000200114,San Baltazar Yatzachi el Bajo
070000200115,San Bartolo Coyotepec
070000200116,San Bartolomé Ayautla
070000200117,San Bartolomé Loxicha
070000200118,San Bartolomé Quialana
070000200119,San Bartolomé Yucuañe
070000200120,San Bartolomé Zoogocho
070000200121,San Bartolo Soyaltepec
070000200122,San Bartolo Yautepec
070000200123,San Bernardo Mixtepec
070000200124,Heroica Villa de San Blas Atempa
070000200125,San Carlos Yautepec
070000200126,San Cristóbal Amatlán
070000200127,San Cristóbal Amoltepec
070000200128,San Cristóbal Lachirioag
070000200129,San Cristóbal Suchixtlahuaca
070000200130,San Dionisio del Mar
070000200131,San Dionisio Ocotepec
070000200132,San Dionisio Ocotlán
070000200133,San Esteban Atatlahuca
070000200134,San Felipe Jalapa de Díaz
070000200135,San Felipe Tejalápam
070000200136,San Felipe Usila
070000200137,San Francisco Cahuacuá
070000200138,San Francisco Cajonos
070000200139,San Francisco Chapulapa
070000200140,San Francisco Chindúa
070000200141,San Francisco del Mar
070000200142,San Francisco Huehuetlán
070000200143,San Francisco Ixhuatán
070000200144,San Francisco Jaltepetongo
070000200145,San Francisco Lachigoló
070000200146,San Francisco Logueche
070000200147,San Francisco Nuxaño
070000200148,San Francisco Ozolotepec
070000200149,San Francisco Sola
070000200150,San Francisco Telixtlahuaca
070000200151,San Francisco Teopan
070000200152,San Francisco Tlapancingo
070000200153,San Gabriel Mixtepec
070000200154,San Ildefonso Amatlán
070000200155,San Ildefonso Sola
070000200156,San Ildefonso Villa Alta
070000200157,San Jacinto Amilpas
070000200158,San Jacinto Tlacotepec
070000200159,San Jerónimo Coatlán
070000200160,San Jerónimo Silacayoapilla
070000200161,San Jerónimo Sosola
070000200162,San Jerónimo Taviche
070000200163,San Jerónimo Tecóatl
070000200164,San Jorge Nuchita
070000200165,San José Ayuquila
070000200166,San José Chiltepec
070000200167,San José del Peñasco
070000200168,San José Estancia Grande
070000200169,San José Independencia
070000200170,San José Lachiguiri
070000200171,San José Tenango
070000200172,San Juan Achiutla
070000200173,San Juan Atepec
070000200174,Ánimas Trujano
070000200175,San Juan Bautista Atatlahuca
070000200176,San Juan Bautista Coixtlahuaca
070000200177,San Juan Bautista Cuicatlán
070000200178,San Juan Bautista Guelache
070000200179,San Juan Bautista Jayacatlán
070000200180,San Juan Bautista Lo de Soto
070000200181,San Juan Bautista Suchitepec
070000200182,San Juan Bautista Tlacoatzintepec
070000200183,San Juan Bautista Tlachichilco
070000200184,San Juan Bautista Tuxtepec
070000200185,San Juan Cacahuatepec
070000200186,San Juan Cieneguilla
070000200187,San Juan Coatzóspam
070000200188,San Juan Colorado
070000200189,San Juan Comaltepec
070000200190,San Juan Cotzocón
070000200191,San Juan Chicomezúchil
070000200192,San Juan Chilateca
070000200193,San Juan del Estado
070000200194,San Juan del Río
070000200195,San Juan Diuxi
070000200196,San Juan Evangelista Analco
070000200197,San Juan Guelavía
070000200198,San Juan Guichicovi
070000200199,San Juan Ihualtepec
070000200200,San Juan Juquila Mixes
070000200201,San Juan Juquila Vijanos
070000200202,San Juan Lachao
070000200203,San Juan Lachigalla
070000200204,San Juan Lajarcia
070000200205,San Juan Lalana
070000200206,San Juan de los Cués
070000200207,San Juan Mazatlán
070000200208,San Juan Mixtepec
070000200209,San Juan Mixtepec
070000200210,San Juan Ñumí
070000200211,San Juan Ozolotepec
070000200212,San Juan Petlapa
070000200213,San Juan Quiahije
070000200214,San Juan Quiotepec
070000200215,San Juan Sayultepec
070000200216,San Juan Tabaá
070000200217,San Juan Tamazola
070000200218,San Juan Teita
070000200219,San Juan Teitipac
070000200220,San Juan Tepeuxila
070000200221,San Juan Teposcolula
070000200222,San Juan Yaeé
070000200223,San Juan Yatzona
070000200224,San Juan Yucuita
070000200225,San Lorenzo
070000200226,San Lorenzo Albarradas
070000200227,San Lorenzo Cacaotepec
070000200228,San Lorenzo Cuaunecuiltitla
070000200229,San Lorenzo Texmelúcan
070000200230,San Lorenzo Victoria
070000200231,San Lucas Camotlán
070000200232,San Lucas Ojitlán
070000200233,San Lucas Quiaviní
070000200234,San Lucas Zoquiápam
070000200235,San Luis Amatlán
070000200236,San Marcial Ozolotepec
070000200237,San Marcos Arteaga
070000200238,San Martín de los Cansecos
070000200239,San Martín Huamelúlpam
070000200240,San Martín Itunyoso
070000200241,San Martín Lachilá
070000200242,San Martín Peras
070000200243,San Martín Tilcajete
070000200244,San Martín Toxpalan
070000200245,San Martín Zacatepec
070000200246,San Mateo Cajonos
070000200247,Capulálpam de Méndez
070000200248,San Mateo del Mar
070000200249,San Mateo Yoloxochitlán
070000200250,San Mateo Etlatongo
070000200251,San Mateo Nejápam
070000200252,San Mateo Peñasco
070000200253,San Mateo Piñas
070000200254,San Mateo Río Hondo
070000200255,San Mateo Sindihui
070000200256,San Mateo Tlapiltepec
070000200257,San Melchor Betaza
070000200258,San Miguel Achiutla
070000200259,San Miguel Ahuehuetitlán
070000200260,San Miguel Aloápam
070000200261,San Miguel Amatitlán
070000200262,San Miguel Amatlán
070000200263,San Miguel Coatlán
070000200264,San Miguel Chicahua
070000200265,San Miguel Chimalapa
070000200266,San Miguel del Puerto
070000200267,San Miguel del Río
070000200268,San Miguel Ejutla
070000200269,San Miguel el Grande
070000200270,San Miguel Huautla
070000200271,San Miguel Mixtepec
070000200272,San Miguel Panixtlahuaca
070000200273,San Miguel Peras
070000200274,San Miguel Piedras
070000200275,San Miguel Quetzaltepec
070000200276,San Miguel Santa Flor
070000200277,Villa Sola de Vega
070000200278,San Miguel Soyaltepec
070000200279,San Miguel Suchixtepec
070000200280,Villa Talea de Castro
070000200281,San Miguel Tecomatlán
070000200282,San Miguel Tenango
070000200283,San Miguel Tequixtepec
070000200284,San Miguel Tilquiápam
070000200285,San Miguel Tlacamama
070000200286,San Miguel Tlacotepec
070000200287,San Miguel Tulancingo
070000200288,San Miguel Yotao
070000200289,San Nicolás
070000200290,San Nicolás Hidalgo
070000200291,San Pablo Coatlán
070000200292,San Pablo Cuatro Venados
070000200293,San Pablo Etla
070000200294,San Pablo Huitzo
070000200295,San Pablo Huixtepec
070000200296,San Pablo Macuiltianguis
070000200297,San Pablo Tijaltepec
070000200298,San Pablo Villa de Mitla
070000200299,San Pablo Yaganiza
070000200300,San Pedro Amuzgos
070000200301,San Pedro Apóstol
070000200302,San Pedro Atoyac
070000200303,San Pedro Cajonos
070000200304,San Pedro Coxcaltepec Cántaros
070000200305,San Pedro Comitancillo
070000200306,San Pedro el Alto
070000200307,San Pedro Huamelula
070000200308,San Pedro Huilotepec
070000200309,San Pedro Ixcatlán
070000200310,San Pedro Ixtlahuaca
070000200311,San Pedro Jaltepetongo
070000200312,San Pedro Jicayán
070000200313,San Pedro Jocotipac
070000200314,San Pedro Juchatengo
070000200315,San Pedro Mártir
070000200316,San Pedro Mártir Quiechapa
070000200317,San Pedro Mártir Yucuxaco
070000200318,San Pedro Mixtepec
070000200319,San Pedro Mixtepec
070000200320,San Pedro Molinos
070000200321,San Pedro Nopala
070000200322,San Pedro Ocopetatillo
070000200323,San Pedro Ocotepec
070000200324,San Pedro Pochutla
070000200325,San Pedro Quiatoni
070000200326,San Pedro Sochiápam
070000200327,San Pedro Tapanatepec
070000200328,San Pedro Taviche
070000200329,San Pedro Teozacoalco
070000200330,San Pedro Teutila
070000200331,San Pedro Tidaá
070000200332,San Pedro Topiltepec
070000200333,San Pedro Totolápam
070000200334,Villa de Tututepec
070000200335,San Pedro Yaneri
070000200336,San Pedro Yólox
070000200337,San Pedro y San Pablo Ayutla
070000200338,Villa de Etla
070000200339,San Pedro y San Pablo Teposcolula
070000200340,San Pedro y San Pablo Tequixtepec
070000200341,San Pedro Yucunama
070000200342,San Raymundo Jalpan
070000200343,San Sebastián Abasolo
070000200344,San Sebastián Coatlán
070000200345,San Sebastián Ixcapa
070000200346,San Sebastián Nicananduta
070000200347,San Sebastián Río Hondo
070000200348,San Sebastián Tecomaxtlahuaca
070000200349,San Sebastián Teitipac
070000200350,San Sebastián Tutla
070000200351,San Simón Almolongas
070000200352,San Simón Zahuatlán
070000200353,Santa Ana
070000200354,Santa Ana Ateixtlahuaca
070000200355,Santa Ana Cuauhtémoc
070000200356,Santa Ana del Valle
070000200357,Santa Ana Tavela
070000200358,Santa Ana Tlapacoyan
070000200359,Santa Ana Yareni
070000200360,Santa Ana Zegache
070000200361,Santa Catalina Quierí
070000200362,Santa Catarina Cuixtla
070000200363,Santa Catarina Ixtepeji
070000200364,Santa Catarina Juquila
070000200365,Santa Catarina Lachatao
070000200366,Santa Catarina Loxicha
070000200367,Santa Catarina Mechoacán
070000200368,Santa Catarina Minas
070000200369,Santa Catarina Quiané
070000200370,Santa Catarina Tayata
070000200371,Santa Catarina Ticuá
070000200372,Santa Catarina Yosonotú
070000200373,Santa Catarina Zapoquila
070000200374,Santa Cruz Acatepec
070000200375,Santa Cruz Amilpas
070000200376,Santa Cruz de Bravo
070000200377,Santa Cruz Itundujia
070000200378,Santa Cruz Mixtepec
070000200379,Santa Cruz Nundaco
070000200380,Santa Cruz Papalutla
070000200381,Santa Cruz Tacache de Mina
070000200382,Santa Cruz Tacahua
070000200383,Santa Cruz Tayata
070000200384,Santa Cruz Xitla
070000200385,Santa Cruz Xoxocotlán
070000200386,Santa Cruz Zenzontepec
070000200387,Santa Gertrudis
070000200388,Santa Inés del Monte
070000200389,Santa Inés Yatzeche
070000200390,Santa Lucía del Camino
070000200391,Santa Lucía Miahuatlán
070000200392,Santa Lucía Monteverde
070000200393,Santa Lucía Ocotlán
070000200394,Santa María Alotepec
070000200395,Santa María Apazco
070000200396,Santa María la Asunción
070000200397,Heroica Ciudad de Tlaxiaco
070000200398,Ayoquezco de Aldama
070000200399,Santa María Atzompa
070000200400,Santa María Camotlán
070000200401,Santa María Colotepec
070000200402,Santa María Cortijo
070000200403,Santa María Coyotepec
070000200404,Santa María Chachoápam
070000200405,Villa de Chilapa de Díaz
070000200406,Santa María Chilchotla
070000200407,Santa María Chimalapa
070000200408,Santa María del Rosario
070000200409,Santa María del Tule
070000200410,Santa María Ecatepec
070000200411,Santa María Guelacé
070000200412,Santa María Guienagati
070000200413,Santa María Huatulco
070000200414,Santa María Huazolotitlán
070000200415,Santa María Ipalapa
070000200416,Santa María Ixcatlán
070000200417,Santa María Jacatepec
070000200418,Santa María Jalapa del Marqués
070000200419,Santa María Jaltianguis
070000200420,Santa María Lachixío
070000200421,Santa María Mixtequilla
070000200422,Santa María Nativitas
070000200423,Santa María Nduayaco
070000200424,Santa María Ozolotepec
070000200425,Santa María Pápalo
070000200426,Santa María Peñoles
070000200427,Santa María Petapa
070000200428,Santa María Quiegolani
070000200429,Santa María Sola
070000200430,Santa María Tataltepec
070000200431,Santa María Tecomavaca
070000200432,Santa María Temaxcalapa
070000200433,Santa María Temaxcaltepec
070000200434,Santa María Teopoxco
070000200435,Santa María Tepantlali
070000200436,Santa María Texcatitlán
070000200437,Santa María Tlahuitoltepec
070000200438,Santa María Tlalixtac
070000200439,Santa María Tonameca
070000200440,Santa María Totolapilla
070000200441,Santa María Xadani
070000200442,Santa María Yalina
070000200443,Santa María Yavesía
070000200444,Santa María Yolotepec
070000200445,Santa María Yosoyúa
070000200446,Santa María Yucuhiti
070000200447,Santa María Zacatepec
070000200448,Santa María Zaniza
070000200449,Santa María Zoquitlán
070000200450,Santiago Amoltepec
070000200451,Santiago Apoala
070000200452,Santiago Apóstol
070000200453,Santiago Astata
070000200454,Santiago Atitlán
070000200455,Santiago Ayuquililla
070000200456,Santiago Cacaloxtepec
070000200457,Santiago Camotlán
070000200458,Santiago Comaltepec
070000200459,Villa de Santiago Chazumba
070000200460,Santiago Choápam
070000200461,Santiago del Río
070000200462,Santiago Huajolotitlán
070000200463,Santiago Huauclilla
070000200464,Santiago Ihuitlán Plumas
070000200465,Santiago Ixcuintepec
070000200466,Santiago Ixtayutla
070000200467,Santiago Jamiltepec
070000200468,Santiago Jocotepec
070000200469,Santiago Juxtlahuaca
070000200470,Santiago Lachiguiri
070000200471,Santiago Lalopa
070000200472,Santiago Laollaga
070000200473,Santiago Laxopa
070000200474,Santiago Llano Grande
070000200475,Santiago Matatlán
070000200476,Santiago Miltepec
070000200477,Santiago Minas
070000200478,Santiago Nacaltepec
070000200479,Santiago Nejapilla
070000200480,Santiago Nundiche
070000200481,Santiago Nuyoó
070000200482,Santiago Pinotepa Nacional
070000200483,Santiago Suchilquitongo
070000200484,Santiago Tamazola
070000200485,Santiago Tapextla
070000200486,Villa Tejúpam de la Unión
070000200487,Santiago Tenango
070000200488,Santiago Tepetlapa
070000200489,Santiago Tetepec
070000200490,Santiago Texcalcingo
070000200491,Santiago Textitlán
070000200492,Santiago Tilantongo
070000200493,Santiago Tillo
070000200494,Santiago Tlazoyaltepec
070000200495,Santiago Xanica
070000200496,Santiago Xiacuí
070000200497,Santiago Yaitepec
070000200498,Santiago Yaveo
070000200499,Santiago Yolomécatl
070000200500,Santiago Yosondúa
070000200501,Santiago Yucuyachi
070000200502,Santiago Zacatepec
070000200503,Santiago Zoochila
070000200504,Nuevo Zoquiápam
070000200505,Santo Domingo Ingenio
070000200506,Santo Domingo Albarradas
070000200507,Santo Domingo Armenta
070000200508,Santo Domingo Chihuitán
070000200509,Santo Domingo de Morelos
070000200510,Santo Domingo Ixcatlán
070000200511,Santo Domingo Nuxaá
070000200512,Santo Domingo Ozolotepec
070000200513,Santo Domingo Petapa
070000200514,Santo Domingo Roayaga
070000200515,Santo Domingo Tehuantepec
070000200516,Santo Domingo Teojomulco
070000200517,Santo Domingo Tepuxtepec
070000200518,Santo Domingo Tlatayápam
070000200519,Santo Domingo Tomaltepec
070000200520,Santo Domingo Tonalá
070000200521,Santo Domingo Tonaltepec
070000200522,Santo Domingo Xagacía
070000200523,Santo Domingo Yanhuitlán
070000200524,Santo Domingo Yodohino
070000200525,Santo Domingo Zanatepec
070000200526,Santos Reyes Nopala
070000200527,Santos Reyes Pápalo
070000200528,Santos Reyes Tepejillo
070000200529,Santos Reyes Yucuná
070000200530,Santo Tomás Jalieza
070000200531,Santo Tomás Mazaltepec
070000200532,Santo Tomás Ocotepec
070000200533,Santo Tomás Tamazulapan
070000200534,San Vicente Coatlán
070000200535,San Vicente Lachixío
070000200536,San Vicente Nuñú
070000200537,Silacayoápam
070000200538,Sitio de Xitlapehua
070000200539,Soledad Etla
070000200540,Villa de Tamazulápam del Progreso
070000200541,Tanetze de Zaragoza
070000200542,Taniche
070000200543,Tataltepec de Valdés
070000200544,Teococuilco de Marcos Pérez
070000200545,Teotitlán de Flores Magón
070000200546,Teotitlán del Valle
070000200547,Teotongo
070000200548,Tepelmeme Villa de Morelos
070000200549,"Heroica Villa Tezoatlán de Segura y Luna, Cuna de la Independencia de Oaxaca"
070000200550,San Jerónimo Tlacochahuaya
070000200551,Tlacolula de Matamoros
070000200552,Tlacotepec Plumas
070000200553,Tlalixtac de Cabrera
070000200554,Totontepec Villa de Morelos
070000200555,Trinidad Zaachila
070000200556,La Trinidad Vista Hermosa
070000200557,Unión Hidalgo
070000200558,Valerio Trujano
070000200559,San Juan Bautista Valle Nacional
070000200560,Villa Díaz Ordaz
070000200561,Yaxe
070000200562,Magdalena Yodocono de Porfirio Díaz
070000200563,Yogana
070000200564,Yutanduchi de Guerrero
070000200565,Villa de Zaachila
070000200566,San Mateo Yucutindoo
070000200567,Zapotitlán Lagunas
070000200568,Zapotitlán Palmas
070000200569,Santa Inés de Zaragoza
070000200570,Zimatlán de Álvarez
070000200996,No especificado
070000200997,Otros estados
070000200998,Otros municipios
070000200999,Resto de municipios
07000021,Puebla
070000210001,Acajete
070000210002,Acateno
070000210003,Acatlán
070000210004,Acatzingo
070000210005,Acteopan
070000210006,Ahuacatlán
070000210007,Ahuatlán
070000210008,Ahuazotepec
070000210009,Ahuehuetitla
070000210010,Ajalpan
070000210011,Albino Zertuche
070000210012,Aljojuca
070000210013,Altepexi
070000210014,Amixtlán
070000210015,Amozoc
070000210016,Aquixtla
070000210017,Atempan
070000210018,Atexcal
070000210019,Atlixco
070000210020,Atoyatempan
070000210021,Atzala
070000210022,Atzitzihuacán
070000210023,Atzitzintla
070000210024,Axutla
070000210025,Ayotoxco de Guerrero
070000210026,Calpan
070000210027,Caltepec
070000210028,Camocuautla
070000210029,Caxhuacan
070000210030,Coatepec
070000210031,Coatzingo
070000210032,Cohetzala
070000210033,Cohuecan
070000210034,Coronango
070000210035,Coxcatlán
070000210036,Coyomeapan
070000210037,Coyotepec
070000210038,Cuapiaxtla de Madero
070000210039,Cuautempan
070000210040,Cuautinchán
070000210041,Cuautlancingo
070000210042,Cuayuca de Andrade
070000210043,Cuetzalan del Progreso
070000210044,Cuyoaco
070000210045,Chalchicomula de Sesma
070000210046,Chapulco
070000210047,Chiautla
070000210048,Chiautzingo
070000210049,Chiconcuautla
070000210050,Chichiquila
070000210051,Chietla
070000210052,Chigmecatitlán
070000210053,Chignahuapan
070000210054,Chignautla
070000210055,Chila
070000210056,Chila de la Sal
070000210057,Honey
070000210058,Chilchotla
070000210059,Chinantla
070000210060,Domingo Arenas
070000210061,Eloxochitlán
070000210062,Epatlán
070000210063,Esperanza
070000210064,Francisco Z. Mena
070000210065,General Felipe Ángeles
070000210066,Guadalupe
070000210067,Guadalupe Victoria
070000210068,Hermenegildo Galeana
070000210069,Huaquechula
070000210070,Huatlatlauca
070000210071,Huauchinango
070000210072,Huehuetla
070000210073,Huehuetlán el Chico
070000210074,Huejotzingo
070000210075,Hueyapan
070000210076,Hueytamalco
070000210077,Hueytlalpan
070000210078,Huitzilan de Serdán
070000210079,Huitziltepec
070000210080,Atlequizayan
070000210081,Ixcamilpa de Guerrero
070000210082,Ixcaquixtla
070000210083,Ixtacamaxtitlán
070000210084,Ixtepec
070000210085,Izúcar de Matamoros
070000210086,Jalpan
070000210087,Jolalpan
070000210088,Jonotla
070000210089,Jopala
070000210090,Juan C. Bonilla
070000210091,Juan Galindo
070000210092,Juan N. Méndez
070000210093,Lafragua
070000210094,Libres
070000210095,La Magdalena Tlatlauquitepec
070000210096,Mazapiltepec de Juárez
070000210097,Mixtla
070000210098,Molcaxac
070000210099,Cañada Morelos
070000210100,Naupan
070000210101,Nauzontla
070000210102,Nealtican
070000210103,Nicolás Bravo
070000210104,Nopalucan
070000210105,Ocotepec
070000210106,Ocoyucan
070000210107,Olintla
070000210108,Oriental
070000210109,Pahuatlán
070000210110,Palmar de Bravo
070000210111,Pantepec
070000210112,Petlalcingo
070000210113,Piaxtla
070000210114,Puebla
070000210115,Quecholac
070000210116,Quimixtlán
070000210117,Rafael Lara Grajales
070000210118,Los Reyes de Juárez
070000210119,San Andrés Cholula
070000210120,San Antonio Cañada
070000210121,San Diego la Mesa Tochimiltzingo
070000210122,San Felipe Teotlalcingo
070000210123,San Felipe Tepatlán
070000210124,San Gabriel Chilac
070000210125,San Gregorio Atzompa
070000210126,San Jerónimo Tecuanipan
070000210127,San Jerónimo Xayacatlán
070000210128,San José Chiapa
070000210129,San José Miahuatlán
070000210130,San Juan Atenco
070000210131,San Juan Atzompa
070000210132,San Martín Texmelucan
070000210133,San Martín Totoltepec
070000210134,San Matías Tlalancaleca
070000210135,San Miguel Ixitlán
070000210136,San Miguel Xoxtla
070000210137,San Nicolás Buenos Aires
070000210138,San Nicolás de los Ranchos
070000210139,San Pablo Anicano
070000210140,San Pedro Cholula
070000210141,San Pedro Yeloixtlahuaca
070000210142,San Salvador el Seco
070000210143,San Salvador el Verde
070000210144,San Salvador Huixcolotla
070000210145,San Sebastián Tlacotepec
070000210146,Santa Catarina Tlaltempan
070000210147,Santa Inés Ahuatempan
070000210148,Santa Isabel Cholula
070000210149,Santiago Miahuatlán
070000210150,Huehuetlán el Grande
070000210151,Santo Tomás Hueyotlipan
070000210152,Soltepec
070000210153,Tecali de Herrera
070000210154,Tecamachalco
070000210155,Tecomatlán
070000210156,Tehuacán
070000210157,Tehuitzingo
070000210158,Tenampulco
070000210159,Teopantlán
070000210160,Teotlalco
070000210161,Tepanco de López
070000210162,Tepango de Rodríguez
070000210163,Tepatlaxco de Hidalgo
070000210164,Tepeaca
070000210165,Tepemaxalco
070000210166,Tepeojuma
070000210167,Tepetzintla
070000210168,Tepexco
070000210169,Tepexi de Rodríguez
070000210170,Tepeyahualco
070000210171,Tepeyahualco de Cuauhtémoc
070000210172,Tetela de Ocampo
070000210173,Teteles de Avila Castillo
070000210174,Teziutlán
070000210175,Tianguismanalco
070000210176,Tilapa
070000210177,Tlacotepec de Benito Juárez
070000210178,Tlacuilotepec
070000210179,Tlachichuca
070000210180,Tlahuapan
070000210181,Tlaltenango
070000210182,Tlanepantla
070000210183,Tlaola
070000210184,Tlapacoya
070000210185,Tlapanalá
070000210186,Tlatlauquitepec
070000210187,Tlaxco
070000210188,Tochimilco
070000210189,Tochtepec
070000210190,Totoltepec de Guerrero
070000210191,Tulcingo
070000210192,Tuzamapan de Galeana
070000210193,Tzicatlacoyan
070000210194,Venustiano Carranza
070000210195,Vicente Guerrero
070000210196,Xayacatlán de Bravo
070000210197,Xicotepec
070000210198,Xicotlán
070000210199,Xiutetelco
070000210200,Xochiapulco
070000210201,Xochiltepec
070000210202,Xochitlán de Vicente Suárez
070000210203,Xochitlán Todos Santos
070000210204,Yaonáhuac
070000210205,Yehualtepec
070000210206,Zacapala
070000210207,Zacapoaxtla
070000210208,Zacatlán
070000210209,Zapotitlán
070000210210,Zapotitlán de Méndez
070000210211,Zaragoza
070000210212,Zautla
070000210213,Zihuateutla
070000210214,Zinacatepec
070000210215,Zongozotla
070000210216,Zoquiapan
070000210217,Zoquitlán
070000210996,No especificado
070000210997,Otros estados
070000210998,Otros municipios
070000210999,Resto de municipios
07000022,Querétaro
070000220001,Amealco de Bonfil
070000220002,Pinal de Amoles
070000220003,Arroyo Seco
070000220004,Cadereyta de Montes
070000220005,Colón
070000220006,Corregidora
070000220007,Ezequiel Montes
070000220008,Huimilpan
070000220009,Jalpan de Serra
070000220010,Landa de Matamoros
070000220011,El Marqués
070000220012,Pedro Escobedo
070000220013,Peñamiller
070000220014,Querétaro
070000220015,San Joaquín
070000220016,San Juan del Río
070000220017,Tequisquiapan
070000220018,Tolimán
070000220996,No especificado
070000220997,Otros estados
070000220998,Otros municipios
070000220999,Resto de municipios
07000023,Quintana Roo
070000230001,Cozumel
070000230002,Felipe Carrillo Puerto
070000230003,Isla Mujeres
070000230004,Othón P. Blanco
070000230005,Benito Juárez
070000230006,José María Morelos
070000230007,Lázaro Cárdenas
070000230008,Solidaridad
070000230009,Tulum
070000230010,Bacalar
070000230011,Puerto Morelos
070000230996,No especificado
070000230997,Otros estados
07000024,San Luis Potosí
070000240001,Ahualulco
070000240002,Alaquines
070000240003,Aquismón
070000240004,Armadillo de los Infante
070000240005,Cárdenas
070000240006,Catorce
070000240007,Cedral
070000240008,Cerritos
070000240009,Cerro de San Pedro
070000240010,Ciudad del Maíz
070000240011,Ciudad Fernández
070000240012,Tancanhuitz
070000240013,Ciudad Valles
070000240014,Coxcatlán
070000240015,Charcas
070000240016,Ebano
070000240017,Guadalcázar
070000240018,Huehuetlán
070000240019,Lagunillas
070000240020,Matehuala
070000240021,Mexquitic de Carmona
070000240022,Moctezuma
070000240023,Rayón
070000240024,Rioverde
070000240025,Salinas
070000240026,San Antonio
070000240027,San Ciro de Acosta
070000240028,San Luis Potosí
070000240029,San Martín Chalchicuautla
070000240030,San Nicolás Tolentino
070000240031,Santa Catarina
070000240032,Santa María del Río
070000240033,Santo Domingo
070000240034,San Vicente Tancuayalab
070000240035,Soledad de Graciano Sánchez
070000240036,Tamasopo
070000240037,Tamazunchale
070000240038,Tampacán
070000240039,Tampamolón Corona
070000240040,Tamuín
070000240041,Tanlajás
070000240042,Tanquián de Escobedo
070000240043,Tierra Nueva
070000240044,Vanegas
070000240045,Venado
070000240046,Villa de Arriaga
070000240047,Villa de Guadalupe
070000240048,Villa de la Paz
070000240049,Villa de Ramos
070000240050,Villa de Reyes
070000240051,Villa Hidalgo
070000240052,Villa Juárez
070000240053,Axtla de Terrazas
070000240054,Xilitla
070000240055,Zaragoza
070000240056,Villa de Arista
070000240057,Matlapa
070000240058,El Naranjo
070000240996,No especificado
070000240997,Otros estados
070000240998,Otros municipios
070000240999,Resto de municipios
07000025,Sinaloa
070000250001,Ahome
070000250002,Angostura
070000250003,Badiraguato
070000250004,Concordia
070000250005,Cosalá
070000250006,Culiacán
070000250007,Choix
070000250008,Elota
070000250009,Escuinapa
070000250010,El Fuerte
070000250011,Guasave
070000250012,Mazatlán
070000250013,Mocorito
070000250014,Rosario
070000250015,Salvador Alvarado
070000250016,San Ignacio
070000250017,Sinaloa
070000250018,Navolato
070000250996,No especificado
070000250997,Otros estados
070000250998,Otros municipios
070000250999,Resto de municipios
07000026,Sonora
070000260001,Aconchi
070000260002,Agua Prieta
070000260003,Alamos
070000260004,Altar
070000260005,Arivechi
070000260006,Arizpe
070000260007,Atil
070000260008,Bacadéhuachi
070000260009,Bacanora
070000260010,Bacerac
070000260011,Bacoachi
070000260012,Bácum
070000260013,Banámichi
070000260014,Baviácora
070000260015,Bavispe
070000260016,Benjamín Hill
070000260017,Caborca
070000260018,Cajeme
070000260019,Cananea
070000260020,Carbó
070000260021,La Colorada
070000260022,Cucurpe
070000260023,Cumpas
070000260024,Divisaderos
070000260025,Empalme
070000260026,Etchojoa
070000260027,Fronteras
070000260028,Granados
070000260029,Guaymas
070000260030,Hermosillo
070000260031,Huachinera
070000260032,Huásabas
070000260033,Huatabampo
070000260034,Huépac
070000260035,Imuris
070000260036,Magdalena
070000260037,Mazatán
070000260038,Moctezuma
070000260039,Naco
070000260040,Nácori Chico
070000260041,Nacozari de García
070000260042,Navojoa
070000260043,Nogales
070000260044,Onavas
070000260045,Opodepe
070000260046,Oquitoa
070000260047,Pitiquito
070000260048,Puerto Peñasco
070000260049,Quiriego
070000260050,Rayón
070000260051,Rosario
070000260052,Sahuaripa
070000260053,San Felipe de Jesús
070000260054,San Javier
070000260055,San Luis Río Colorado
070000260056,San Miguel de Horcasitas
070000260057,San Pedro de la Cueva
070000260058,Santa Ana
070000260059,Santa Cruz
070000260060,Sáric
070000260061,Soyopa
070000260062,Suaqui Grande
070000260063,Tepache
070000260064,Trincheras
070000260065,Tubutama
070000260066,Ures
070000260067,Villa Hidalgo
070000260068,Villa Pesqueira
070000260069,Yécora
070000260070,General Plutarco Elías Calles
070000260071,Benito Juárez
070000260072,San Ignacio Río Muerto
070000260996,No especificado
070000260997,Otros estados
07000027,Tabasco
070000270001,Balancán
070000270002,Cárdenas
070000270003,Centla
070000270004,Centro
070000270005,Comalcalco
070000270006,Cunduacán
070000270007,Emiliano Zapata
070000270008,Huimanguillo
070000270009,Jalapa
070000270010,Jalpa de Méndez
070000270011,Jonuta
070000270012,Macuspana
070000270013,Nacajuca
070000270014,Paraíso
070000270015,Tacotalpa
070000270016,Teapa
070000270017,Tenosique
070000270996,No especificado
070000270997,Otros estados
07000028,Tamaulipas
070000280001,Abasolo
070000280002,Aldama
070000280003,Altamira
070000280004,Antiguo Morelos
070000280005,Burgos
070000280006,Bustamante
070000280007,Camargo
070000280008,Casas
070000280009,Ciudad Madero
070000280010,Cruillas
070000280011,Gómez Farías
070000280012,González
070000280013,Güémez
070000280014,Guerrero
070000280015,Gustavo Díaz Ordaz
070000280016,Hidalgo
070000280017,Jaumave
070000280018,Jiménez
070000280019,Llera
070000280020,Mainero
070000280021,El Mante
070000280022,Matamoros
070000280023,Méndez
070000280024,Mier
070000280025,Miguel Alemán
070000280026,Miquihuana
070000280027,Nuevo Laredo
070000280028,Nuevo Morelos
070000280029,Ocampo
070000280030,Padilla
070000280031,Palmillas
070000280032,Reynosa
070000280033,Río Bravo
070000280034,San Carlos
070000280035,San Fernando
070000280036,San Nicolás
070000280037,Soto la Marina
070000280038,Tampico
070000280039,Tula
070000280040,Valle Hermoso
070000280041,Victoria
070000280042,Villagrán
070000280043,Xicoténcatl
070000280996,No especificado
070000280997,Otros estados
070000280998,Otros municipios
070000280999,Resto de municipios
07000029,Tlaxcala
070000290001,Amaxac de Guerrero
070000290002,Apetatitlán de Antonio Carvajal
070000290003,Atlangatepec
070000290004,Atltzayanca
070000290005,Apizaco
070000290006,Calpulalpan
070000290007,El Carmen Tequexquitla
070000290008,Cuapiaxtla
070000290009,Cuaxomulco
070000290010,Chiautempan
070000290011,Muñoz de Domingo Arenas
070000290012,Españita
070000290013,Huamantla
070000290014,Hueyotlipan
070000290015,Ixtacuixtla de Mariano Matamoros
070000290016,Ixtenco
070000290017,Mazatecochco de José María Morelos
070000290018,Contla de Juan Cuamatzi
070000290019,Tepetitla de Lardizábal
070000290020,Sanctórum de Lázaro Cárdenas
070000290021,Nanacamilpa de Mariano Arista
070000290022,Acuamanala de Miguel Hidalgo
070000290023,Natívitas
070000290024,Panotla
070000290025,San Pablo del Monte
070000290026,Santa Cruz Tlaxcala
070000290027,Tenancingo
070000290028,Teolocholco
070000290029,Tepeyanco
070000290030,Terrenate
070000290031,Tetla de la Solidaridad
070000290032,Tetlatlahuca
070000290033,Tlaxcala
070000290034,Tlaxco
070000290035,Tocatlán
070000290036,Totolac
070000290037,Ziltlaltépec de Trinidad Sánchez Santos
070000290038,Tzompantepec
070000290039,Xaloztoc
070000290040,Xaltocan
070000290041,Papalotla de Xicohténcatl
070000290042,Xicohtzinco
070000290043,Yauhquemehcan
070000290044,Zacatelco
070000290045,Benito Juárez
070000290046,Emiliano Zapata
070000290047,Lázaro Cárdenas
070000290048,La Magdalena Tlaltelulco
070000290049,San Damián Texóloc
070000290050,San Francisco Tetlanohcan
070000290051,San Jerónimo Zacualpan
070000290052,San José Teacalco
070000290053,San Juan Huactzinco
070000290054,San Lorenzo Axocomanitla
070000290055,San Lucas Tecopilco
070000290056,Santa Ana Nopalucan
070000290057,Santa Apolonia Teacalco
070000290058,Santa Catarina Ayometla
070000290059,Santa Cruz Quilehtla
070000290060,Santa Isabel Xiloxoxtla
070000290996,No especificado
070000290997,Otros estados
07000030,Veracruz de Ignacio de la Llave
070000300001,Acajete
070000300002,Acatlán
070000300003,Acayucan
070000300004,Actopan
070000300005,Acula
070000300006,Acultzingo
070000300007,Camarón de Tejeda
070000300008,Alpatláhuac
070000300009,Alto Lucero de Gutiérrez Barrios
070000300010,Altotonga
070000300011,Alvarado
070000300012,Amatitlán
070000300013,Naranjos Amatlán
070000300014,Amatlán de los Reyes
070000300015,Angel R. Cabada
070000300016,La Antigua
070000300017,Apazapan
070000300018,Aquila
070000300019,Astacinga
070000300020,Atlahuilco
070000300021,Atoyac
070000300022,Atzacan
070000300023,Atzalan
070000300024,Tlaltetela
070000300025,Ayahualulco
070000300026,Banderilla
070000300027,Benito Juárez
070000300028,Boca del Río
070000300029,Calcahualco
070000300030,Camerino Z. Mendoza
070000300031,Carrillo Puerto
070000300032,Catemaco
070000300033,Cazones de Herrera
070000300034,Cerro Azul
070000300035,Citlaltépetl
070000300036,Coacoatzintla
070000300037,Coahuitlán
070000300038,Coatepec
070000300039,Coatzacoalcos
070000300040,Coatzintla
070000300041,Coetzala
070000300042,Colipa
070000300043,Comapa
070000300044,Córdoba
070000300045,Cosamaloapan de Carpio
070000300046,Cosautlán de Carvajal
070000300047,Coscomatepec
070000300048,Cosoleacaque
070000300049,Cotaxtla
070000300050,Coxquihui
070000300051,Coyutla
070000300052,Cuichapa
070000300053,Cuitláhuac
070000300054,Chacaltianguis
070000300055,Chalma
070000300056,Chiconamel
070000300057,Chiconquiaco
070000300058,Chicontepec
070000300059,Chinameca
070000300060,Chinampa de Gorostiza
070000300061,Las Choapas
070000300062,Chocamán
070000300063,Chontla
070000300064,Chumatlán
070000300065,Emiliano Zapata
070000300066,Espinal
070000300067,Filomeno Mata
070000300068,Fortín
070000300069,Gutiérrez Zamora
070000300070,Hidalgotitlán
070000300071,Huatusco
070000300072,Huayacocotla
070000300073,Hueyapan de Ocampo
070000300074,Huiloapan de Cuauhtémoc
070000300075,Ignacio de la Llave
070000300076,Ilamatlán
070000300077,Isla
070000300078,Ixcatepec
070000300079,Ixhuacán de los Reyes
070000300080,Ixhuatlán del Café
070000300081,Ixhuatlancillo
070000300082,Ixhuatlán del Sureste
070000300083,Ixhuatlán de Madero
070000300084,Ixmatlahuacan
070000300085,Ixtaczoquitlán
070000300086,Jalacingo
070000300087,Xalapa
070000300088,Jalcomulco
070000300089,Jáltipan
070000300090,Jamapa
070000300091,Jesús Carranza
070000300092,Xico
070000300093,Jilotepec
070000300094,Juan Rodríguez Clara
070000300095,Juchique de Ferrer
070000300096,Landero y Coss
070000300097,Lerdo de Tejada
070000300098,Magdalena
070000300099,Maltrata
070000300100,Manlio Fabio Altamirano
070000300101,Mariano Escobedo
070000300102,Martínez de la Torre
070000300103,Mecatlán
070000300104,Mecayapan
070000300105,Medellín de Bravo
070000300106,Miahuatlán
070000300107,Las Minas
070000300108,Minatitlán
070000300109,Misantla
070000300110,Mixtla de Altamirano
070000300111,Moloacán
070000300112,Naolinco
070000300113,Naranjal
070000300114,Nautla
070000300115,Nogales
070000300116,Oluta
070000300117,Omealca
070000300118,Orizaba
070000300119,Otatitlán
070000300120,Oteapan
070000300121,Ozuluama de Mascareñas
070000300122,Pajapan
070000300123,Pánuco
070000300124,Papantla
070000300125,Paso del Macho
070000300126,Paso de Ovejas
070000300127,La Perla
070000300128,Perote
070000300129,Platón Sánchez
070000300130,Playa Vicente
070000300131,Poza Rica de Hidalgo
070000300132,Las Vigas de Ramírez
070000300133,Pueblo Viejo
070000300134,Puente Nacional
070000300135,Rafael Delgado
070000300136,Rafael Lucio
070000300137,Los Reyes
070000300138,Río Blanco
070000300139,Saltabarranca
070000300140,San Andrés Tenejapan
070000300141,San Andrés Tuxtla
070000300142,San Juan Evangelista
070000300143,Santiago Tuxtla
070000300144,Sayula de Alemán
070000300145,Soconusco
070000300146,Sochiapa
070000300147,Soledad Atzompa
070000300148,Soledad de Doblado
070000300149,Soteapan
070000300150,Tamalín
070000300151,Tamiahua
070000300152,Tampico Alto
070000300153,Tancoco
070000300154,Tantima
070000300155,Tantoyuca
070000300156,Tatatila
070000300157,Castillo de Teayo
070000300158,Tecolutla
070000300159,Tehuipango
070000300160,Álamo Temapache
070000300161,Tempoal
070000300162,Tenampa
070000300163,Tenochtitlán
070000300164,Teocelo
070000300165,Tepatlaxco
070000300166,Tepetlán
070000300167,Tepetzintla
070000300168,Tequila
070000300169,José Azueta
070000300170,Texcatepec
070000300171,Texhuacán
070000300172,Texistepec
070000300173,Tezonapa
070000300174,Tierra Blanca
070000300175,Tihuatlán
070000300176,Tlacojalpan
070000300177,Tlacolulan
070000300178,Tlacotalpan
070000300179,Tlacotepec de Mejía
070000300180,Tlachichilco
070000300181,Tlalixcoyan
070000300182,Tlalnelhuayocan
070000300183,Tlapacoyan
070000300184,Tlaquilpa
070000300185,Tlilapan
070000300186,Tomatlán
070000300187,Tonayán
070000300188,Totutla
070000300189,Tuxpan
070000300190,Tuxtilla
070000300191,Ursulo Galván
070000300192,Vega de Alatorre
070000300193,Veracruz
070000300194,Villa Aldama
070000300195,Xoxocotla
070000300196,Yanga
070000300197,Yecuatla
070000300198,Zacualpan
070000300199,Zaragoza
070000300200,Zentla
070000300201,Zongolica
070000300202,Zontecomatlán de López y Fuentes
070000300203,Zozocolco de Hidalgo
070000300204,Agua Dulce
070000300205,El Higo
070000300206,Nanchital de Lázaro Cárdenas del Río
070000300207,Tres Valles
070000300208,Carlos A. Carrillo
070000300209,Tatahuicapan de Juárez
070000300210,Uxpanapa
070000300211,San Rafael
070000300212,Santiago Sochiapan
070000300996,No especificado
070000300997,Otros estados
070000300998,Otros municipios
070000300999,Resto de municipios
07000031,Yucatán
070000310001,Abalá
070000310002,Acanceh
070000310003,Akil
070000310004,Baca
070000310005,Bokobá
070000310006,Buctzotz
070000310007,Cacalchén
070000310008,Calotmul
070000310009,Cansahcab
070000310010,Cantamayec
070000310011,Celestún
070000310012,Cenotillo
070000310013,Conkal
070000310014,Cuncunul
070000310015,Cuzamá
070000310016,Chacsinkín
070000310017,Chankom
070000310018,Chapab
070000310019,Chemax
070000310020,Chicxulub Pueblo
070000310021,Chichimilá
070000310022,Chikindzonot
070000310023,Chocholá
070000310024,Chumayel
070000310025,Dzán
070000310026,Dzemul
070000310027,Dzidzantún
070000310028,Dzilam de Bravo
070000310029,Dzilam González
070000310030,Dzitás
070000310031,Dzoncauich
070000310032,Espita
070000310033,Halachó
070000310034,Hocabá
070000310035,Hoctún
070000310036,Homún
070000310037,Huhí
070000310038,Hunucmá
070000310039,Ixil
070000310040,Izamal
070000310041,Kanasín
070000310042,Kantunil
070000310043,Kaua
070000310044,Kinchil
070000310045,Kopomá
070000310046,Mama
070000310047,Maní
070000310048,Maxcanú
070000310049,Mayapán
070000310050,Mérida
070000310051,Mocochá
070000310052,Motul
070000310053,Muna
070000310054,Muxupip
070000310055,Opichén
070000310056,Oxkutzcab
070000310057,Panabá
070000310058,Peto
070000310059,Progreso
070000310060,Quintana Roo
070000310061,Río Lagartos
070000310062,Sacalum
070000310063,Samahil
070000310064,Sanahcat
070000310065,San Felipe
070000310066,Santa Elena
070000310067,Seyé
070000310068,Sinanché
070000310069,Sotuta
070000310070,Sucilá
070000310071,Sudzal
070000310072,Suma
070000310073,Tahdziú
070000310074,Tahmek
070000310075,Teabo
070000310076,Tecoh
070000310077,Tekal de Venegas
070000310078,Tekantó
070000310079,Tekax
070000310080,Tekit
070000310081,Tekom
070000310082,Telchac Pueblo
070000310083,Telchac Puerto
070000310084,Temax
070000310085,Temozón
070000310086,Tepakán
070000310087,Tetiz
070000310088,Teya
070000310089,Ticul
070000310090,Timucuy
070000310091,Tinum
070000310092,Tixcacalcupul
070000310093,Tixkokob
070000310094,Tixmehuac
070000310095,Tixpéhual
070000310096,Tizimín
070000310097,Tunkás
070000310098,Tzucacab
070000310099,Uayma
070000310100,Ucú
070000310101,Umán
070000310102,Valladolid
070000310103,Xocchel
070000310104,Yaxcabá
070000310105,Yaxkukul
070000310106,Yobaín
070000310996,No especificado
070000310997,Otros estados
070000310998,Otros municipios
070000310999,Resto de municipios
07000032,Zacatecas
070000320001,Apozol
070000320002,Apulco
070000320003,Atolinga
070000320004,Benito Juárez
070000320005,Calera
070000320006,Cañitas de Felipe Pescador
070000320007,Concepción del Oro
070000320008,Cuauhtémoc
070000320009,Chalchihuites
070000320010,Fresnillo
070000320011,Trinidad García de la Cadena
070000320012,Genaro Codina
070000320013,General Enrique Estrada
070000320014,General Francisco R. Murguía
070000320015,El Plateado de Joaquín Amaro
070000320016,General Pánfilo Natera
070000320017,Guadalupe
070000320018,Huanusco
070000320019,Jalpa
070000320020,Jerez
070000320021,Jiménez del Teul
070000320022,Juan Aldama
070000320023,Juchipila
070000320024,Loreto
070000320025,Luis Moya
070000320026,Mazapil
070000320027,Melchor Ocampo
070000320028,Mezquital del Oro
070000320029,Miguel Auza
070000320030,Momax
070000320031,Monte Escobedo
070000320032,Morelos
070000320033,Moyahua de Estrada
070000320034,Nochistlán de Mejía
070000320035,Noria de Ángeles
070000320036,Ojocaliente
070000320037,Pánuco
070000320038,Pinos
070000320039,Río Grande
070000320040,Sain Alto
070000320041,El Salvador
070000320042,Sombrerete
070000320043,Susticacán
070000320044,Tabasco
070000320045,Tepechitlán
070000320046,Tepetongo
070000320047,Teúl de González Ortega
070000320048,Tlaltenango de Sánchez Román
070000320049,Valparaíso
070000320050,Vetagrande
070000320051,Villa de Cos
070000320052,Villa García
070000320053,Villa González Ortega
070000320054,Villa Hidalgo
070000320055,Villanueva
070000320056,Zacatecas
070000320057,Trancoso
070000320058,Santa María de la Paz
070000320996,No especificado
070000320997,Otros estados
070000320998,Otros municipios
070000320999,Resto de municipios
07000036,Extranjero
07000096,Otros estados
070000960997,Otros municipios
07000099,No especificada
